index,mutator,length_bytes
0000,mutate_truncate,2
0001,mutate_bit_flip,16
0002,mutate_null_bytes,16
0003,mutate_length_lie,16
0004,mutate_truncate,5
0005,mutate_oversized_ie,16
0006,mutate_length_lie,16
0007,mutate_null_bytes,16
0008,mutate_oversized_ie,16
0009,mutate_huge_length_field,16
0010,mutate_bit_flip,16
0011,mutate_repeat_ie,22
0012,mutate_bit_flip,16
0013,mutate_null_bytes,16
0014,mutate_truncate,7
0015,mutate_repeat_ie,22
0016,mutate_bit_flip,16
0017,mutate_null_bytes,16
0018,mutate_truncate,10
0019,mutate_bit_flip,16
0020,mutate_oversized_ie,16
0021,mutate_truncate,8
0022,mutate_bit_flip,16
0023,mutate_oversized_ie,16
0024,mutate_bad_ie_id,16
0025,mutate_null_bytes,16
0026,mutate_bit_flip,16
0027,mutate_repeat_ie,22
0028,mutate_null_bytes,16
0029,mutate_bit_flip,16
0030,mutate_oversized_ie,16
0031,mutate_huge_length_field,16
0032,mutate_null_bytes,16
0033,mutate_huge_length_field,16
0034,mutate_bad_ie_id,16
0035,mutate_bad_ie_id,16
0036,mutate_bit_flip,16
0037,mutate_bad_ie_id,16
0038,mutate_null_bytes,16
0039,mutate_truncate,8
0040,mutate_null_bytes,16
0041,mutate_huge_length_field,16
0042,mutate_bit_flip,16
0043,mutate_repeat_ie,22
0044,mutate_truncate,6
0045,mutate_null_bytes,16
0046,mutate_bad_ie_id,16
0047,mutate_length_lie,16
0048,mutate_bad_ie_id,16
0049,mutate_bit_flip,16
0050,mutate_repeat_ie,22
0051,mutate_huge_length_field,16
0052,mutate_length_lie,16
0053,mutate_repeat_ie,22
0054,mutate_bit_flip,16
0055,mutate_huge_length_field,16
0056,mutate_truncate,14
0057,mutate_bad_ie_id,16
0058,mutate_huge_length_field,16
0059,mutate_bad_ie_id,16
0060,mutate_null_bytes,16
0061,mutate_oversized_ie,16
0062,mutate_oversized_ie,16
0063,mutate_bit_flip,16
0064,mutate_length_lie,16
0065,mutate_oversized_ie,16
0066,mutate_length_lie,16
0067,mutate_length_lie,16
0068,mutate_truncate,2
0069,mutate_repeat_ie,22
0070,mutate_truncate,10
0071,mutate_oversized_ie,16
0072,mutate_bit_flip,16
0073,mutate_truncate,12
0074,mutate_null_bytes,16
0075,mutate_repeat_ie,22
0076,mutate_null_bytes,16
0077,mutate_null_bytes,16
0078,mutate_huge_length_field,16
0079,mutate_length_lie,16
0080,mutate_length_lie,16
0081,mutate_repeat_ie,22
0082,mutate_truncate,5
0083,mutate_oversized_ie,16
0084,mutate_oversized_ie,16
0085,mutate_huge_length_field,16
0086,mutate_bad_ie_id,16
0087,mutate_bad_ie_id,16
0088,mutate_huge_length_field,16
0089,mutate_oversized_ie,16
0090,mutate_truncate,9
0091,mutate_truncate,2
0092,mutate_length_lie,16
0093,mutate_oversized_ie,16
0094,mutate_bad_ie_id,16
0095,mutate_huge_length_field,16
0096,mutate_huge_length_field,16
0097,mutate_oversized_ie,16
0098,mutate_null_bytes,16
0099,mutate_length_lie,16
0100,mutate_null_bytes,16
0101,mutate_length_lie,16
0102,mutate_bit_flip,16
0103,mutate_length_lie,16
0104,mutate_length_lie,16
0105,mutate_huge_length_field,16
0106,mutate_bad_ie_id,16
0107,mutate_truncate,15
0108,mutate_bad_ie_id,16
0109,mutate_truncate,12
0110,mutate_oversized_ie,16
0111,mutate_null_bytes,16
0112,mutate_truncate,11
0113,mutate_oversized_ie,16
0114,mutate_length_lie,16
0115,mutate_null_bytes,16
0116,mutate_repeat_ie,22
0117,mutate_bit_flip,16
0118,mutate_bad_ie_id,16
0119,mutate_huge_length_field,16
0120,mutate_repeat_ie,22
0121,mutate_truncate,2
0122,mutate_huge_length_field,16
0123,mutate_truncate,3
0124,mutate_oversized_ie,16
0125,mutate_bit_flip,16
0126,mutate_bit_flip,16
0127,mutate_truncate,4
0128,mutate_bit_flip,16
0129,mutate_bit_flip,16
0130,mutate_length_lie,16
0131,mutate_null_bytes,16
0132,mutate_bit_flip,16
0133,mutate_bad_ie_id,16
0134,mutate_bad_ie_id,16
0135,mutate_null_bytes,16
0136,mutate_length_lie,16
0137,mutate_truncate,13
0138,mutate_bad_ie_id,16
0139,mutate_repeat_ie,22
0140,mutate_bad_ie_id,16
0141,mutate_bad_ie_id,16
0142,mutate_bit_flip,16
0143,mutate_null_bytes,16
0144,mutate_bad_ie_id,16
0145,mutate_bad_ie_id,16
0146,mutate_null_bytes,16
0147,mutate_length_lie,16
0148,mutate_repeat_ie,22
0149,mutate_null_bytes,16
0150,mutate_oversized_ie,16
0151,mutate_bit_flip,16
0152,mutate_oversized_ie,16
0153,mutate_oversized_ie,16
0154,mutate_huge_length_field,16
0155,mutate_repeat_ie,22
0156,mutate_bit_flip,16
0157,mutate_repeat_ie,22
0158,mutate_bit_flip,16
0159,mutate_null_bytes,16
0160,mutate_repeat_ie,22
0161,mutate_length_lie,16
0162,mutate_bit_flip,16
0163,mutate_repeat_ie,22
0164,mutate_repeat_ie,22
0165,mutate_null_bytes,16
0166,mutate_truncate,8
0167,mutate_oversized_ie,16
0168,mutate_bit_flip,16
0169,mutate_oversized_ie,16
0170,mutate_repeat_ie,22
0171,mutate_null_bytes,16
0172,mutate_truncate,12
0173,mutate_repeat_ie,22
0174,mutate_repeat_ie,22
0175,mutate_truncate,13
0176,mutate_bit_flip,16
0177,mutate_null_bytes,16
0178,mutate_null_bytes,16
0179,mutate_bad_ie_id,16
0180,mutate_null_bytes,16
0181,mutate_length_lie,16
0182,mutate_bit_flip,16
0183,mutate_huge_length_field,16
0184,mutate_oversized_ie,16
0185,mutate_huge_length_field,16
0186,mutate_bad_ie_id,16
0187,mutate_bit_flip,16
0188,mutate_length_lie,16
0189,mutate_oversized_ie,16
0190,mutate_huge_length_field,16
0191,mutate_truncate,9
0192,mutate_null_bytes,16
0193,mutate_oversized_ie,16
0194,mutate_null_bytes,16
0195,mutate_huge_length_field,16
0196,mutate_null_bytes,16
0197,mutate_oversized_ie,16
0198,mutate_bad_ie_id,16
0199,mutate_truncate,14
